{
  "tests/e2e-smoke.ts": 1776069045.5785074,
  "tests/assertions.test.ts": 1776066533.4547036,
  "tests/research-run-query-service.test.ts": 1775628705.97558,
  "tests/research-run-query.test.ts": 1775628696.859742,
  "tests/research-performance-service.test.ts": 1775661904.494796,
  "tests/env-check.test.ts": 1775527943.3011296,
  "tests/data-quality-guard.test.ts": 1776065477.388397,
  "tests/cache-key-factory.test.ts": 1776067470.685322,
  "tests/postgres-repositories.test.ts": 1775659187.9850116,
  "tests/insights-report-generator.test.ts": 1776065477.388397,
  "tests/run-candidates.integration.test.ts": 1775659320.9320924,
  "tests/report-generator.test.ts": 1776066443.8137658,
  "tests/candidate-research-service.test.ts": 1776068704.9753861,
  "tests/run-id-resolver.test.ts": 1776065477.388397,
  "tests/research-pipeline.test.ts": 1776069874.4804304,
  "tests/position-action-family.test.ts": 1776066443.8137658,
  "tests/feature-builder.test.ts": 1775538101.8954785,
  "tests/core-modules.test.ts": 1775800650.2075236,
  "tests/provider-fallback.test.ts": 1776069866.2424572,
  "tests/performance-report-generator.test.ts": 1776065477.387397,
  "tests/symbol-resolver.test.ts": 1775492440.2856107,
  "tests/router.test.ts": 1775540145.0636747,
  "tests/decision-composer.test.ts": 1776066443.8127656,
  "tests/research-range-service.test.ts": 1776069668.6393578,
  "tests/candidate-research-report-generator.test.ts": 1775659157.613063,
  "tests/finmind-provider.test.ts": 1775534970.040615,
  "tests/twse-provider.test.ts": 1775651112.5086775,
  "tests/research-outcome-service.test.ts": 1775659355.3591325,
  "tests/research-insights-service.test.ts": 1775709226.2987418,
  "tests/screening-service.test.ts": 1775544610.2383707,
  "tests/router-degrade.test.ts": 1775539042.458072,
  "tests/research-runs-repository.test.ts": 1775628636.5960395,
  "tests/thesis-tracker.test.ts": 1775495780.0897512,
  "tests/mocks/MockProvider.ts": 1775527103.7266154,
  "src/core/contracts/provider.ts": 1775454596.0,
  "src/core/contracts/pipeline.ts": 1776069630.0390599,
  "src/core/contracts/feature.ts": 1775539427.3062372,
  "src/core/contracts/repository.ts": 1775454596.0,
  "src/core/contracts/storage.ts": 1775790145.4600968,
  "src/core/contracts/rule.ts": 1775486335.0609899,
  "src/core/contracts/router.ts": 1775489417.9744673,
  "src/core/utils/date.ts": 1775526189.0224924,
  "src/core/types/common.ts": 1775488362.8261864,
  "src/core/types/provider.ts": 1775486291.873282,
  "src/core/types/market.ts": 1775489992.1387594,
  "src/core/types/feature.ts": 1775526284.5354264,
  "src/core/types/rule.ts": 1776066443.8067648,
  "src/core/types/research.ts": 1775454596.0,
  "src/modules/router/DatasetRouter.ts": 1775489426.4635944,
  "src/modules/features/FeatureBuilder.ts": 1776065477.387397,
  "src/modules/storage/MigrationManager.ts": 1775553835.3909688,
  "src/modules/storage/PostgresRepositories.ts": 1775790438.157003,
  "src/modules/storage/InMemoryRepositories.ts": 1775564369.015442,
  "src/modules/storage/SqlContext.ts": 1775526241.0910008,
  "src/modules/rules/RuleEngine.ts": 1776065477.3863971,
  "src/modules/rules/RiskRules.ts": 1775660799.4755416,
  "src/modules/rules/CustomOverrides.ts": 1775656107.8091478,
  "src/modules/rules/StrategyRules.ts": 1776066443.8107653,
  "src/modules/rules/FilterRules.ts": 1776065477.3863971,
  "src/modules/positions/PositionService.ts": 1775454596.0,
  "src/modules/symbol/SymbolResolver.ts": 1775454596.0,
  "src/modules/research/CatalystCalendar.ts": 1775454596.0,
  "src/modules/research/DecisionComposer.ts": 1776066443.809765,
  "src/modules/research/ValuationService.ts": 1775454596.0,
  "src/modules/research/ThesisTracker.ts": 1775489439.042785,
  "src/modules/reporting/CandidateResearchReportGenerator.ts": 1775658182.6350682,
  "src/modules/reporting/PerformanceReportGenerator.ts": 1775805937.1329052,
  "src/modules/reporting/ReportGenerator.ts": 1776066443.8127656,
  "src/modules/reporting/InsightsReportGenerator.ts": 1775807895.3547041,
  "src/modules/providers/ProviderRegistry.ts": 1775524982.4914446,
  "src/modules/providers/twse/TwseOpenApiProvider.ts": 1776067470.6843219,
  "src/modules/providers/news/RssNewsProvider.ts": 1775454630.0,
  "src/modules/providers/finmind/FinMindProvider.ts": 1776067470.6843219,
  "src/modules/budget/RateBudgetGuard.ts": 1775487090.852627,
  "src/modules/cache/RedisCacheStore.ts": 1775531162.1966236,
  "src/modules/cache/CacheEnvelope.ts": 1775493522.1399484,
  "src/modules/cache/CacheKeyFactory.ts": 1776067470.6843219,
  "src/modules/events/EventNormalizer.ts": 1775454596.0,
  "src/app/bootstrap.ts": 1776068604.0111885,
  "src/app/migrate.ts": 1775553869.934831,
  "src/app/services/ScreeningService.ts": 1775544584.0969238,
  "src/app/services/ResearchPipelineService.ts": 1776069920.6263459,
  "src/app/services/ResearchOutcomeService.ts": 1775807168.8293436,
  "src/app/services/ResearchPerformanceService.ts": 1775790861.6544032,
  "src/app/services/ResearchInsightsService.ts": 1775725525.0637393,
  "src/app/services/ResearchRunQueryService.ts": 1775560036.1067486,
  "src/app/services/CandidateResearchService.ts": 1776068604.0121887,
  "src/app/services/ResearchRangeService.ts": 1776069630.04006,
  "src/app/commands/db-ops.ts": 1776068604.0131886,
  "src/app/commands/run-candidates.ts": 1776068631.2720463,
  "src/app/commands/run-batch.ts": 1776068631.2720463,
  "src/app/commands/run-history.ts": 1775655143.7605777,
  "src/app/commands/run-outcomes.ts": 1775655143.7605777,
  "src/app/commands/run-performance.ts": 1776065477.385397,
  "src/app/commands/run-insights.ts": 1776065477.385397,
  "src/app/commands/run-research.ts": 1775799658.7736378,
  "src/app/commands/run-research-range.ts": 1776069630.04006,
  "src/app/utils/clear-research-data.ts": 1776068567.938061,
  "src/app/utils/assertions.ts": 1776066533.4537034,
  "src/app/utils/run-id-resolver.ts": 1776065477.382397,
  "src/config/datasets.ts": 1775528951.6324177,
  "finmind-llms-full.txt": 1775655143.767578,
  "README.md": 1776069668.6403577,
  "docs/architecture.md": 1775651918.3418043,
  "docs/implementation-plan.md": 1775651942.6062238,
  "docs/provider-capability-matrix.md": 1775529018.0387106,
  "docs/mvp-test-plan.md": 1776066533.4547036,
  "docs/modules.md": 1775651931.4161155,
  "tests/README.md": 1775454596.0
}